{
  "last_node_id": 29,
  "last_link_id": 39,
  "nodes": [
    {
      "id": 22,
      "type": "PrimitiveNode",
      "pos": [
        762,
        -59
      ],
      "size": {
        "0": 230.54037475585938,
        "1": 136.4774932861328
      },
      "flags": {},
      "order": 0,
      "mode": 0,
      "outputs": [
        {
          "name": "STRING",
          "type": "STRING",
          "links": [
            27
          ],
          "widget": {
            "name": "negative"
          },
          "slot_index": 0
        }
      ],
      "title": "Negative Prompt",
      "properties": {
        "Run widget replace on values": false
      },
      "widgets_values": [
        ""
      ]
    },
    {
      "id": 8,
      "type": "VAEDecode",
      "pos": [
        1794,
        626
      ],
      "size": {
        "0": 210,
        "1": 46
      },
      "flags": {},
      "order": 10,
      "mode": 0,
      "inputs": [
        {
          "name": "samples",
          "type": "LATENT",
          "link": 7
        },
        {
          "name": "vae",
          "type": "VAE",
          "link": 8
        }
      ],
      "outputs": [
        {
          "name": "IMAGE",
          "type": "IMAGE",
          "links": [
            33
          ],
          "slot_index": 0
        }
      ],
      "properties": {
        "Node name for S&R": "VAEDecode"
      }
    },
    {
      "id": 3,
      "type": "KSampler",
      "pos": [
        1732,
        268
      ],
      "size": {
        "0": 315,
        "1": 262
      },
      "flags": {},
      "order": 9,
      "mode": 0,
      "inputs": [
        {
          "name": "model",
          "type": "MODEL",
          "link": 1
        },
        {
          "name": "positive",
          "type": "CONDITIONING",
          "link": 22
        },
        {
          "name": "negative",
          "type": "CONDITIONING",
          "link": 6
        },
        {
          "name": "latent_image",
          "type": "LATENT",
          "link": 2
        }
      ],
      "outputs": [
        {
          "name": "LATENT",
          "type": "LATENT",
          "links": [
            7
          ],
          "slot_index": 0
        }
      ],
      "properties": {
        "Node name for S&R": "KSampler"
      },
      "widgets_values": [
        45728783958250,
        "randomize",
        20,
        7,
        "euler",
        "normal",
        1
      ]
    },
    {
      "id": 5,
      "type": "EmptyLatentImage",
      "pos": [
        1177,
        723
      ],
      "size": {
        "0": 315,
        "1": 106
      },
      "flags": {},
      "order": 1,
      "mode": 0,
      "outputs": [
        {
          "name": "LATENT",
          "type": "LATENT",
          "links": [
            2
          ],
          "slot_index": 0
        }
      ],
      "properties": {
        "Node name for S&R": "EmptyLatentImage"
      },
      "widgets_values": [
        1024,
        1024,
        4
      ]
    },
    {
      "id": 28,
      "type": "PreviewImage",
      "pos": [
        2240,
        14
      ],
      "size": {
        "0": 670.845947265625,
        "1": 636.3154907226562
      },
      "flags": {},
      "order": 11,
      "mode": 0,
      "inputs": [
        {
          "name": "images",
          "type": "IMAGE",
          "link": 33
        }
      ],
      "properties": {
        "Node name for S&R": "PreviewImage"
      }
    },
    {
      "id": 4,
      "type": "CheckpointLoaderSimple",
      "pos": [
        510,
        535
      ],
      "size": {
        "0": 315,
        "1": 98
      },
      "flags": {},
      "order": 2,
      "mode": 0,
      "outputs": [
        {
          "name": "MODEL",
          "type": "MODEL",
          "links": [
            1
          ],
          "slot_index": 0
        },
        {
          "name": "CLIP",
          "type": "CLIP",
          "links": [
            5,
            10
          ],
          "slot_index": 1
        },
        {
          "name": "VAE",
          "type": "VAE",
          "links": [
            8
          ],
          "slot_index": 2
        }
      ],
      "properties": {
        "Node name for S&R": "CheckpointLoaderSimple"
      },
      "widgets_values": [
        "SDXL\\realvisxlV20_v20Bakedvae.safetensors"
      ]
    },
    {
      "id": 11,
      "type": "PhotoMakerLoader",
      "pos": [
        641,
        178
      ],
      "size": {
        "0": 373.6645202636719,
        "1": 58
      },
      "flags": {},
      "order": 3,
      "mode": 0,
      "outputs": [
        {
          "name": "PHOTOMAKER",
          "type": "PHOTOMAKER",
          "links": [
            11
          ],
          "shape": 3,
          "slot_index": 0
        }
      ],
      "properties": {
        "Node name for S&R": "PhotoMakerLoader"
      },
      "widgets_values": [
        "photomaker-v1.bin"
      ]
    },
    {
      "id": 18,
      "type": "PrepImagesForClipVisionFromPath",
      "pos": [
        198,
        243
      ],
      "size": {
        "0": 391.3475341796875,
        "1": 106
      },
      "flags": {},
      "order": 4,
      "mode": 0,
      "outputs": [
        {
          "name": "IMAGE",
          "type": "IMAGE",
          "links": [
            39
          ],
          "shape": 3,
          "slot_index": 0
        }
      ],
      "properties": {
        "Node name for S&R": "PrepImagesForClipVisionFromPath"
      },
      "widgets_values": [
        "C://Users/Ben/Desktop/PhotoMaker/Crop Images/00079.png",
        "lanczos",
        "top"
      ]
    },
    {
      "id": 21,
      "type": "PrimitiveNode",
      "pos": [
        903,
        -279
      ],
      "size": {
        "0": 237.8713836669922,
        "1": 146.5034942626953
      },
      "flags": {},
      "order": 5,
      "mode": 0,
      "outputs": [
        {
          "name": "STRING",
          "type": "STRING",
          "links": [
            26
          ],
          "widget": {
            "name": "positive"
          }
        }
      ],
      "title": "Positive Prompt",
      "properties": {
        "Run widget replace on values": false
      },
      "widgets_values": [
        "a photo of a young lady img , in swimming pool "
      ]
    },
    {
      "id": 7,
      "type": "CLIPTextEncode",
      "pos": [
        1272,
        529
      ],
      "size": {
        "0": 210,
        "1": 54
      },
      "flags": {
        "collapsed": false
      },
      "order": 8,
      "mode": 0,
      "inputs": [
        {
          "name": "clip",
          "type": "CLIP",
          "link": 5
        },
        {
          "name": "text",
          "type": "STRING",
          "link": 25,
          "widget": {
            "name": "text"
          }
        }
      ],
      "outputs": [
        {
          "name": "CONDITIONING",
          "type": "CONDITIONING",
          "links": [
            6
          ],
          "slot_index": 0
        }
      ],
      "title": "Negative Clip Text Encode",
      "properties": {
        "Node name for S&R": "CLIPTextEncode"
      },
      "widgets_values": [
        "text, watermark"
      ]
    },
    {
      "id": 10,
      "type": "PhotoMakerEncode",
      "pos": [
        1274,
        120
      ],
      "size": {
        "0": 389.2495422363281,
        "1": 118
      },
      "flags": {},
      "order": 7,
      "mode": 0,
      "inputs": [
        {
          "name": "clip",
          "type": "CLIP",
          "link": 10
        },
        {
          "name": "photomaker",
          "type": "PHOTOMAKER",
          "link": 11
        },
        {
          "name": "image",
          "type": "IMAGE",
          "link": 39,
          "slot_index": 2
        },
        {
          "name": "text",
          "type": "STRING",
          "link": 24,
          "widget": {
            "name": "text"
          }
        }
      ],
      "outputs": [
        {
          "name": "CONDITIONING",
          "type": "CONDITIONING",
          "links": [
            22
          ],
          "shape": 3,
          "slot_index": 0
        }
      ],
      "properties": {
        "Node name for S&R": "PhotoMakerEncode"
      },
      "widgets_values": [
        "img"
      ]
    },
    {
      "id": 20,
      "type": "PhotoMakerStyles",
      "pos": [
        774,
        341
      ],
      "size": {
        "0": 396.9615173339844,
        "1": 78
      },
      "flags": {},
      "order": 6,
      "mode": 0,
      "inputs": [
        {
          "name": "positive",
          "type": "STRING",
          "link": 26,
          "widget": {
            "name": "positive"
          },
          "slot_index": 0
        },
        {
          "name": "negative",
          "type": "STRING",
          "link": 27,
          "widget": {
            "name": "negative"
          }
        }
      ],
      "outputs": [
        {
          "name": "POSITIVE",
          "type": "STRING",
          "links": [
            24
          ],
          "shape": 3,
          "slot_index": 0
        },
        {
          "name": "NEGATIVE",
          "type": "STRING",
          "links": [
            25
          ],
          "shape": 3,
          "slot_index": 1
        }
      ],
      "properties": {
        "Node name for S&R": "PhotoMakerStyles"
      },
      "widgets_values": [
        "Enhance",
        "a photo of a young lady img , in swimming pool ",
        ""
      ]
    }
  ],
  "links": [
    [
      1,
      4,
      0,
      3,
      0,
      "MODEL"
    ],
    [
      2,
      5,
      0,
      3,
      3,
      "LATENT"
    ],
    [
      5,
      4,
      1,
      7,
      0,
      "CLIP"
    ],
    [
      6,
      7,
      0,
      3,
      2,
      "CONDITIONING"
    ],
    [
      7,
      3,
      0,
      8,
      0,
      "LATENT"
    ],
    [
      8,
      4,
      2,
      8,
      1,
      "VAE"
    ],
    [
      10,
      4,
      1,
      10,
      0,
      "CLIP"
    ],
    [
      11,
      11,
      0,
      10,
      1,
      "PHOTOMAKER"
    ],
    [
      22,
      10,
      0,
      3,
      1,
      "CONDITIONING"
    ],
    [
      24,
      20,
      0,
      10,
      3,
      "STRING"
    ],
    [
      25,
      20,
      1,
      7,
      1,
      "STRING"
    ],
    [
      26,
      21,
      0,
      20,
      0,
      "STRING"
    ],
    [
      27,
      22,
      0,
      20,
      1,
      "STRING"
    ],
    [
      33,
      8,
      0,
      28,
      0,
      "IMAGE"
    ],
    [
      39,
      18,
      0,
      10,
      2,
      "IMAGE"
    ]
  ],
  "groups": [],
  "config": {},
  "extra": {},
  "version": 0.4
}