{
  "last_node_id": 67,
  "last_link_id": 96,
  "nodes": [
    {
      "id": 7,
      "type": "CLIPTextEncode",
      "pos": [
        352,
        569
      ],
      "size": {
        "0": 210,
        "1": 54
      },
      "flags": {
        "collapsed": true
      },
      "order": 8,
      "mode": 0,
      "inputs": [
        {
          "name": "clip",
          "type": "CLIP",
          "link": 57
        },
        {
          "name": "text",
          "type": "STRING",
          "link": 46,
          "widget": {
            "name": "text",
            "config": [
              "STRING",
              {
                "multiline": true
              }
            ]
          },
          "slot_index": 1
        }
      ],
      "outputs": [
        {
          "name": "CONDITIONING",
          "type": "CONDITIONING",
          "links": [
            88
          ],
          "slot_index": 0
        }
      ],
      "properties": {
        "Node name for S&R": "CLIPTextEncode"
      },
      "widgets_values": [
        "text, watermark"
      ]
    },
    {
      "id": 6,
      "type": "CLIPTextEncode",
      "pos": [
        353,
        603
      ],
      "size": {
        "0": 210,
        "1": 54
      },
      "flags": {
        "collapsed": true
      },
      "order": 7,
      "mode": 0,
      "inputs": [
        {
          "name": "clip",
          "type": "CLIP",
          "link": 56
        },
        {
          "name": "text",
          "type": "STRING",
          "link": 45,
          "widget": {
            "name": "text",
            "config": [
              "STRING",
              {
                "multiline": true
              }
            ]
          },
          "slot_index": 1
        }
      ],
      "outputs": [
        {
          "name": "CONDITIONING",
          "type": "CONDITIONING",
          "links": [
            87
          ],
          "slot_index": 0
        }
      ],
      "properties": {
        "Node name for S&R": "CLIPTextEncode"
      },
      "widgets_values": [
        "cinematic phtographic the girl of the horror movie the ring, playing chess under water"
      ]
    },
    {
      "id": 63,
      "type": "ToBasicPipe",
      "pos": [
        362,
        635
      ],
      "size": {
        "0": 161.1999969482422,
        "1": 106
      },
      "flags": {
        "collapsed": true
      },
      "order": 9,
      "mode": 0,
      "inputs": [
        {
          "name": "model",
          "type": "MODEL",
          "link": 86,
          "slot_index": 0
        },
        {
          "name": "clip",
          "type": "CLIP",
          "link": 90,
          "slot_index": 1
        },
        {
          "name": "vae",
          "type": "VAE",
          "link": 91,
          "slot_index": 2
        },
        {
          "name": "positive",
          "type": "CONDITIONING",
          "link": 87,
          "slot_index": 3
        },
        {
          "name": "negative",
          "type": "CONDITIONING",
          "link": 88
        }
      ],
      "outputs": [
        {
          "name": "basic_pipe",
          "type": "BASIC_PIPE",
          "links": [
            84
          ],
          "shape": 3
        }
      ],
      "properties": {
        "Node name for S&R": "ToBasicPipe"
      }
    },
    {
      "id": 14,
      "type": "PrimitiveNode",
      "pos": [
        33,
        917
      ],
      "size": {
        "0": 658.041748046875,
        "1": 124.03096771240234
      },
      "flags": {},
      "order": 0,
      "mode": 0,
      "outputs": [
        {
          "name": "STRING",
          "type": "STRING",
          "links": [
            70
          ],
          "slot_index": 0,
          "widget": {
            "name": "text_negative",
            "config": [
              "STRING",
              {
                "default": "",
                "multiline": true
              }
            ]
          }
        }
      ],
      "title": "Negative Prompt",
      "properties": {},
      "widgets_values": [
        "(human with cat ears:1.4), text, logo, watermark, signature, NSFW"
      ],
      "color": "#322",
      "bgcolor": "#533"
    },
    {
      "id": 62,
      "type": "ImpactKSamplerAdvancedBasicPipe",
      "pos": [
        386,
        184
      ],
      "size": {
        "0": 315,
        "1": 314
      },
      "flags": {},
      "order": 10,
      "mode": 0,
      "inputs": [
        {
          "name": "basic_pipe",
          "type": "BASIC_PIPE",
          "link": 84,
          "slot_index": 0
        },
        {
          "name": "latent_image",
          "type": "LATENT",
          "link": 85,
          "slot_index": 1
        }
      ],
      "outputs": [
        {
          "name": "BASIC_PIPE",
          "type": "BASIC_PIPE",
          "links": null,
          "shape": 3
        },
        {
          "name": "LATENT",
          "type": "LATENT",
          "links": [
            89
          ],
          "shape": 3,
          "slot_index": 1
        },
        {
          "name": "VAE",
          "type": "VAE",
          "links": null,
          "shape": 3,
          "slot_index": 2
        }
      ],
      "properties": {
        "Node name for S&R": "ImpactKSamplerAdvancedBasicPipe"
      },
      "widgets_values": [
        true,
        46259013801170,
        "randomize",
        35,
        9,
        "euler",
        "normal",
        0,
        10000,
        false
      ],
      "color": "#233",
      "bgcolor": "#355"
    },
    {
      "id": 13,
      "type": "PrimitiveNode",
      "pos": [
        30,
        708
      ],
      "size": {
        "0": 662.429931640625,
        "1": 167.80728149414062
      },
      "flags": {},
      "order": 1,
      "mode": 0,
      "outputs": [
        {
          "name": "STRING",
          "type": "STRING",
          "links": [
            92
          ],
          "slot_index": 0,
          "widget": {
            "name": "text_positive",
            "config": [
              "STRING",
              {
                "default": "",
                "multiline": true
              }
            ]
          }
        }
      ],
      "title": "Positive Prompt",
      "properties": {},
      "widgets_values": [
        "illustration of a woman with a cat"
      ],
      "color": "#232",
      "bgcolor": "#353"
    },
    {
      "id": 5,
      "type": "EmptyLatentImage",
      "pos": [
        20,
        514
      ],
      "size": {
        "0": 317.9342956542969,
        "1": 117.81609344482422
      },
      "flags": {},
      "order": 2,
      "mode": 0,
      "outputs": [
        {
          "name": "LATENT",
          "type": "LATENT",
          "links": [
            85
          ],
          "slot_index": 0
        }
      ],
      "title": "Image Size and Batch Count",
      "properties": {
        "Node name for S&R": "EmptyLatentImage"
      },
      "widgets_values": [
        1024,
        1024,
        1
      ],
      "color": "#233",
      "bgcolor": "#355"
    },
    {
      "id": 4,
      "type": "CheckpointLoaderSimple",
      "pos": [
        23,
        50
      ],
      "size": {
        "0": 351.5400085449219,
        "1": 98.00959014892578
      },
      "flags": {},
      "order": 3,
      "mode": 0,
      "outputs": [
        {
          "name": "MODEL",
          "type": "MODEL",
          "links": [
            77
          ],
          "slot_index": 0
        },
        {
          "name": "CLIP",
          "type": "CLIP",
          "links": [
            74,
            90
          ],
          "slot_index": 1
        },
        {
          "name": "VAE",
          "type": "VAE",
          "links": [
            72,
            91
          ],
          "slot_index": 2
        }
      ],
      "properties": {
        "Node name for S&R": "CheckpointLoaderSimple"
      },
      "widgets_values": [
        "SDXL\\crystalClearXL_ccxl.safetensors"
      ],
      "color": "#233",
      "bgcolor": "#355"
    },
    {
      "id": 60,
      "type": "LoraLoader",
      "pos": [
        22,
        184
      ],
      "size": {
        "0": 353.3392639160156,
        "1": 126
      },
      "flags": {},
      "order": 5,
      "mode": 0,
      "inputs": [
        {
          "name": "model",
          "type": "MODEL",
          "link": 77,
          "slot_index": 0
        },
        {
          "name": "clip",
          "type": "CLIP",
          "link": 74
        }
      ],
      "outputs": [
        {
          "name": "MODEL",
          "type": "MODEL",
          "links": [
            76
          ],
          "shape": 3
        },
        {
          "name": "CLIP",
          "type": "CLIP",
          "links": [
            75
          ],
          "shape": 3,
          "slot_index": 1
        }
      ],
      "properties": {
        "Node name for S&R": "LoraLoader"
      },
      "widgets_values": [
        "SDXL Loras\\add-detail-xl.safetensors",
        1,
        1
      ],
      "color": "#223",
      "bgcolor": "#335"
    },
    {
      "id": 51,
      "type": "LoraLoader",
      "pos": [
        19,
        350
      ],
      "size": {
        "0": 353.85992431640625,
        "1": 126
      },
      "flags": {},
      "order": 6,
      "mode": 0,
      "inputs": [
        {
          "name": "model",
          "type": "MODEL",
          "link": 76,
          "slot_index": 0
        },
        {
          "name": "clip",
          "type": "CLIP",
          "link": 75
        }
      ],
      "outputs": [
        {
          "name": "MODEL",
          "type": "MODEL",
          "links": [
            86
          ],
          "shape": 3,
          "slot_index": 0
        },
        {
          "name": "CLIP",
          "type": "CLIP",
          "links": [
            56,
            57
          ],
          "shape": 3,
          "slot_index": 1
        }
      ],
      "properties": {
        "Node name for S&R": "LoraLoader"
      },
      "widgets_values": [
        "SDXL Loras\\faces_v1.safetensors",
        1,
        1
      ],
      "color": "#223",
      "bgcolor": "#335"
    },
    {
      "id": 17,
      "type": "VAEDecode",
      "pos": [
        571,
        572
      ],
      "size": {
        "0": 140,
        "1": 46
      },
      "flags": {
        "collapsed": true
      },
      "order": 11,
      "mode": 0,
      "inputs": [
        {
          "name": "samples",
          "type": "LATENT",
          "link": 89
        },
        {
          "name": "vae",
          "type": "VAE",
          "link": 72,
          "slot_index": 1
        }
      ],
      "outputs": [
        {
          "name": "IMAGE",
          "type": "IMAGE",
          "links": [
            96
          ],
          "shape": 3,
          "slot_index": 0
        }
      ],
      "properties": {
        "Node name for S&R": "VAEDecode"
      }
    },
    {
      "id": 19,
      "type": "SaveImage",
      "pos": [
        717,
        48
      ],
      "size": {
        "0": 902.445556640625,
        "1": 1002.67578125
      },
      "flags": {},
      "order": 12,
      "mode": 0,
      "inputs": [
        {
          "name": "images",
          "type": "IMAGE",
          "link": 96,
          "slot_index": 0
        }
      ],
      "properties": {},
      "widgets_values": [
        "ComfyUI"
      ],
      "color": "#222",
      "bgcolor": "#000"
    },
    {
      "id": 48,
      "type": "SDXLPromptStyler",
      "pos": [
        388,
        50
      ],
      "size": {
        "0": 312.61199951171875,
        "1": 102
      },
      "flags": {
        "collapsed": false
      },
      "order": 4,
      "mode": 0,
      "inputs": [
        {
          "name": "text_positive",
          "type": "STRING",
          "link": 92,
          "widget": {
            "name": "text_positive",
            "config": [
              "STRING",
              {
                "default": "",
                "multiline": true
              }
            ]
          },
          "slot_index": 0
        },
        {
          "name": "text_negative",
          "type": "STRING",
          "link": 70,
          "widget": {
            "name": "text_negative",
            "config": [
              "STRING",
              {
                "default": "",
                "multiline": true
              }
            ]
          },
          "slot_index": 1
        }
      ],
      "outputs": [
        {
          "name": "positive_prompt_text_g",
          "type": "STRING",
          "links": [
            45
          ],
          "shape": 3,
          "slot_index": 0
        },
        {
          "name": "negative_prompt_text_g",
          "type": "STRING",
          "links": [
            46
          ],
          "shape": 3,
          "slot_index": 1
        }
      ],
      "properties": {
        "Node name for S&R": "SDXLPromptStyler"
      },
      "widgets_values": [
        "illustration of a woman with a cat",
        "(human with cat ears:1.4), text, logo, watermark, signature, NSFW",
        "Rococo",
        "Yes"
      ],
      "color": "#323",
      "bgcolor": "#535"
    }
  ],
  "links": [
    [
      45,
      48,
      0,
      6,
      1,
      "STRING"
    ],
    [
      46,
      48,
      1,
      7,
      1,
      "STRING"
    ],
    [
      56,
      51,
      1,
      6,
      0,
      "CLIP"
    ],
    [
      57,
      51,
      1,
      7,
      0,
      "CLIP"
    ],
    [
      70,
      14,
      0,
      48,
      1,
      "STRING"
    ],
    [
      72,
      4,
      2,
      17,
      1,
      "VAE"
    ],
    [
      74,
      4,
      1,
      60,
      1,
      "CLIP"
    ],
    [
      75,
      60,
      1,
      51,
      1,
      "CLIP"
    ],
    [
      76,
      60,
      0,
      51,
      0,
      "MODEL"
    ],
    [
      77,
      4,
      0,
      60,
      0,
      "MODEL"
    ],
    [
      84,
      63,
      0,
      62,
      0,
      "BASIC_PIPE"
    ],
    [
      85,
      5,
      0,
      62,
      1,
      "LATENT"
    ],
    [
      86,
      51,
      0,
      63,
      0,
      "MODEL"
    ],
    [
      87,
      6,
      0,
      63,
      3,
      "CONDITIONING"
    ],
    [
      88,
      7,
      0,
      63,
      4,
      "CONDITIONING"
    ],
    [
      89,
      62,
      1,
      17,
      0,
      "LATENT"
    ],
    [
      90,
      4,
      1,
      63,
      1,
      "CLIP"
    ],
    [
      91,
      4,
      2,
      63,
      2,
      "VAE"
    ],
    [
      92,
      13,
      0,
      48,
      0,
      "STRING"
    ],
    [
      96,
      17,
      0,
      19,
      0,
      "IMAGE"
    ]
  ],
  "groups": [
    {
      "title": "Text Prompts",
      "bounding": [
        24,
        643,
        680,
        410
      ],
      "color": "#444"
    },
    {
      "title": ".",
      "bounding": [
        344,
        503,
        358,
        136
      ],
      "color": "#444"
    }
  ],
  "config": {},
  "extra": {},
  "version": 0.4
}