{
  "last_node_id": 80,
  "last_link_id": 148,
  "nodes": [
    {
      "id": 5,
      "type": "CLIPTextEncode",
      "pos": [
        776.1849328243351,
        757.4185702006018
      ],
      "size": {
        "0": 400,
        "1": 200
      },
      "flags": {},
      "order": 14,
      "mode": 0,
      "inputs": [
        {
          "name": "clip",
          "type": "CLIP",
          "link": 45,
          "slot_index": 0
        }
      ],
      "outputs": [
        {
          "name": "CONDITIONING",
          "type": "CONDITIONING",
          "links": [
            37,
            39
          ],
          "shape": 3,
          "slot_index": 0
        }
      ],
      "properties": {
        "Node name for S&R": "CLIPTextEncode"
      },
      "widgets_values": [
        "ugly, deformed, (text, watermark:1.3), photo, 3d, photorealistic, pens, table, human, girl, boy"
      ]
    },
    {
      "id": 69,
      "type": "VAEEncode",
      "pos": [
        1212.184932824337,
        784.4185702006018
      ],
      "size": {
        "0": 210,
        "1": 46
      },
      "flags": {},
      "order": 11,
      "mode": 0,
      "inputs": [
        {
          "name": "pixels",
          "type": "IMAGE",
          "link": 137
        },
        {
          "name": "vae",
          "type": "VAE",
          "link": 147
        }
      ],
      "outputs": [
        {
          "name": "LATENT",
          "type": "LATENT",
          "links": [
            138
          ],
          "shape": 3,
          "slot_index": 0
        }
      ],
      "properties": {
        "Node name for S&R": "VAEEncode"
      }
    },
    {
      "id": 10,
      "type": "LatentUpscaleBy",
      "pos": [
        1851.347896691524,
        574.6978060019137
      ],
      "size": {
        "0": 315,
        "1": 82
      },
      "flags": {},
      "order": 17,
      "mode": 0,
      "inputs": [
        {
          "name": "samples",
          "type": "LATENT",
          "link": 20
        }
      ],
      "outputs": [
        {
          "name": "LATENT",
          "type": "LATENT",
          "links": [
            17
          ],
          "shape": 3,
          "slot_index": 0
        }
      ],
      "properties": {
        "Node name for S&R": "LatentUpscaleBy"
      },
      "widgets_values": [
        "bislerp",
        1.5
      ]
    },
    {
      "id": 29,
      "type": "Reroute",
      "pos": [
        1346.1849328243381,
        516.4185702006024
      ],
      "size": [
        75,
        26
      ],
      "flags": {},
      "order": 15,
      "mode": 0,
      "inputs": [
        {
          "name": "",
          "type": "*",
          "link": 76
        }
      ],
      "outputs": [
        {
          "name": "",
          "type": "CONDITIONING",
          "links": [
            72,
            73
          ],
          "slot_index": 0
        }
      ],
      "properties": {
        "showOutputText": false,
        "horizontal": false
      }
    },
    {
      "id": 30,
      "type": "CLIPTextEncode",
      "pos": [
        781.1849328243351,
        506.41857020060235
      ],
      "size": {
        "0": 400,
        "1": 200
      },
      "flags": {},
      "order": 13,
      "mode": 0,
      "inputs": [
        {
          "name": "clip",
          "type": "CLIP",
          "link": 75
        },
        {
          "name": "text",
          "type": "STRING",
          "link": 114,
          "widget": {
            "name": "text"
          }
        }
      ],
      "outputs": [
        {
          "name": "CONDITIONING",
          "type": "CONDITIONING",
          "links": [
            76
          ],
          "shape": 3,
          "slot_index": 0
        }
      ],
      "properties": {
        "Node name for S&R": "CLIPTextEncode"
      },
      "widgets_values": [
        ""
      ]
    },
    {
      "id": 74,
      "type": "Text Multiline",
      "pos": [
        -208.6841755176073,
        244.5426777961388
      ],
      "size": {
        "0": 373.431640625,
        "1": 155.00851440429688
      },
      "flags": {},
      "order": 0,
      "mode": 0,
      "outputs": [
        {
          "name": "STRING",
          "type": "STRING",
          "links": [
            144
          ],
          "shape": 3,
          "slot_index": 0
        }
      ],
      "properties": {
        "Node name for S&R": "Text Multiline"
      },
      "widgets_values": [
        "a pink unicorn"
      ]
    },
    {
      "id": 75,
      "type": "Note",
      "pos": [
        -146.6841755176069,
        442.5426777961387
      ],
      "size": {
        "0": 227.87815856933594,
        "1": 86.04451751708984
      },
      "flags": {},
      "order": 1,
      "mode": 0,
      "properties": {
        "text": ""
      },
      "widgets_values": [
        "name a pet with no description like:\na lion\na pink unicorn\na monkey"
      ],
      "color": "#432",
      "bgcolor": "#653"
    },
    {
      "id": 7,
      "type": "VAEDecode",
      "pos": [
        2569.347896691525,
        650.6978060019137
      ],
      "size": {
        "0": 210,
        "1": 46
      },
      "flags": {},
      "order": 19,
      "mode": 0,
      "inputs": [
        {
          "name": "samples",
          "type": "LATENT",
          "link": 21
        },
        {
          "name": "vae",
          "type": "VAE",
          "link": 148,
          "slot_index": 1
        }
      ],
      "outputs": [
        {
          "name": "IMAGE",
          "type": "IMAGE",
          "links": [
            145
          ],
          "shape": 3,
          "slot_index": 0
        }
      ],
      "properties": {
        "Node name for S&R": "VAEDecode"
      }
    },
    {
      "id": 40,
      "type": "StringFunction|pysssss",
      "pos": [
        779.1849328243351,
        232.41857020060223
      ],
      "size": {
        "0": 400,
        "1": 224
      },
      "flags": {},
      "order": 9,
      "mode": 0,
      "inputs": [
        {
          "name": "text_c",
          "type": "STRING",
          "link": 144,
          "widget": {
            "name": "text_c"
          }
        },
        {
          "name": "text_a",
          "type": "STRING",
          "link": 130,
          "widget": {
            "name": "text_a"
          }
        },
        {
          "name": "text_b",
          "type": "STRING",
          "link": 146,
          "widget": {
            "name": "text_b"
          },
          "slot_index": 2
        }
      ],
      "outputs": [
        {
          "name": "STRING",
          "type": "STRING",
          "links": [
            114
          ],
          "shape": 3,
          "slot_index": 0
        }
      ],
      "properties": {
        "Node name for S&R": "StringFunction|pysssss"
      },
      "widgets_values": [
        "append",
        "yes",
        "",
        "",
        "",
        "((in the style of a kawaii style 2d flat vector art line art)) cute, big eyes, cheerful, anime influence, charming anime character, digital art, a pink unicorn"
      ]
    },
    {
      "id": 60,
      "type": "Text Multiline",
      "pos": [
        796.1849328243351,
        24.418570200602172
      ],
      "size": {
        "0": 373.431640625,
        "1": 155.00851440429688
      },
      "flags": {},
      "order": 2,
      "mode": 0,
      "outputs": [
        {
          "name": "STRING",
          "type": "STRING",
          "links": [
            130
          ],
          "shape": 3,
          "slot_index": 0
        }
      ],
      "properties": {
        "Node name for S&R": "Text Multiline"
      },
      "widgets_values": [
        "((in the style of a kawaii style 2d flat vector art line art)) cute, big eyes, cheerful, anime influence, charming anime character, digital art"
      ]
    },
    {
      "id": 66,
      "type": "LoadImage",
      "pos": [
        -169.72097988496665,
        590.5048614586026
      ],
      "size": {
        "0": 315,
        "1": 314
      },
      "flags": {},
      "order": 3,
      "mode": 0,
      "outputs": [
        {
          "name": "IMAGE",
          "type": "IMAGE",
          "links": [
            137
          ],
          "shape": 3,
          "slot_index": 0
        },
        {
          "name": "MASK",
          "type": "MASK",
          "links": null,
          "shape": 3
        }
      ],
      "properties": {
        "Node name for S&R": "LoadImage"
      },
      "widgets_values": [
        "ComfyUI_temp_sogdn_00140_.png",
        "image"
      ]
    },
    {
      "id": 77,
      "type": "Text Multiline",
      "pos": [
        627.1849328243361,
        286.41857020060223
      ],
      "size": {
        "0": 373.431640625,
        "1": 155.00851440429688
      },
      "flags": {
        "collapsed": true
      },
      "order": 4,
      "mode": 0,
      "outputs": [
        {
          "name": "STRING",
          "type": "STRING",
          "links": [
            146
          ],
          "shape": 3,
          "slot_index": 0
        }
      ],
      "properties": {
        "Node name for S&R": "Text Multiline"
      },
      "widgets_values": [
        ""
      ]
    },
    {
      "id": 4,
      "type": "CLIPSetLastLayer",
      "pos": [
        380.1849328243367,
        498.41857020060235
      ],
      "size": {
        "0": 315,
        "1": 58
      },
      "flags": {},
      "order": 10,
      "mode": 0,
      "inputs": [
        {
          "name": "clip",
          "type": "CLIP",
          "link": 4
        }
      ],
      "outputs": [
        {
          "name": "CLIP",
          "type": "CLIP",
          "links": [
            43,
            75
          ],
          "shape": 3,
          "slot_index": 0
        }
      ],
      "properties": {
        "Node name for S&R": "CLIPSetLastLayer"
      },
      "widgets_values": [
        -2
      ]
    },
    {
      "id": 19,
      "type": "LoraLoader",
      "pos": [
        348.1849328243367,
        604.4185702006018
      ],
      "size": {
        "0": 389.8230285644531,
        "1": 131.9811553955078
      },
      "flags": {},
      "order": 12,
      "mode": 0,
      "inputs": [
        {
          "name": "model",
          "type": "MODEL",
          "link": 42
        },
        {
          "name": "clip",
          "type": "CLIP",
          "link": 43
        }
      ],
      "outputs": [
        {
          "name": "MODEL",
          "type": "MODEL",
          "links": [
            46,
            47
          ],
          "shape": 3,
          "slot_index": 0
        },
        {
          "name": "CLIP",
          "type": "CLIP",
          "links": [
            45
          ],
          "shape": 3,
          "slot_index": 1
        }
      ],
      "properties": {
        "Node name for S&R": "LoraLoader"
      },
      "widgets_values": [
        "promisedNeverland_offset.safetensors",
        0.3,
        0.3
      ]
    },
    {
      "id": 1,
      "type": "KSampler",
      "pos": [
        1508.3478966915236,
        513.6978060019137
      ],
      "size": {
        "0": 315,
        "1": 262
      },
      "flags": {},
      "order": 16,
      "mode": 0,
      "inputs": [
        {
          "name": "model",
          "type": "MODEL",
          "link": 46,
          "slot_index": 0
        },
        {
          "name": "positive",
          "type": "CONDITIONING",
          "link": 73,
          "slot_index": 1
        },
        {
          "name": "negative",
          "type": "CONDITIONING",
          "link": 37,
          "slot_index": 2
        },
        {
          "name": "latent_image",
          "type": "LATENT",
          "link": 138,
          "slot_index": 3
        }
      ],
      "outputs": [
        {
          "name": "LATENT",
          "type": "LATENT",
          "links": [
            20
          ],
          "shape": 3,
          "slot_index": 0
        }
      ],
      "properties": {
        "Node name for S&R": "KSampler"
      },
      "widgets_values": [
        553059966192601,
        "randomize",
        25,
        7.45,
        "euler_ancestral",
        "karras",
        0.8200000000000001
      ]
    },
    {
      "id": 11,
      "type": "KSampler",
      "pos": [
        2201.347896691524,
        507.69780600191365
      ],
      "size": {
        "0": 315,
        "1": 262
      },
      "flags": {},
      "order": 18,
      "mode": 0,
      "inputs": [
        {
          "name": "model",
          "type": "MODEL",
          "link": 47,
          "slot_index": 0
        },
        {
          "name": "positive",
          "type": "CONDITIONING",
          "link": 72,
          "slot_index": 1
        },
        {
          "name": "negative",
          "type": "CONDITIONING",
          "link": 39,
          "slot_index": 2
        },
        {
          "name": "latent_image",
          "type": "LATENT",
          "link": 17,
          "slot_index": 3
        }
      ],
      "outputs": [
        {
          "name": "LATENT",
          "type": "LATENT",
          "links": [
            21
          ],
          "shape": 3,
          "slot_index": 0
        }
      ],
      "properties": {
        "Node name for S&R": "KSampler"
      },
      "widgets_values": [
        1090447432129810,
        "randomize",
        25,
        7,
        "dpmpp_2m",
        "karras",
        0.55
      ]
    },
    {
      "id": 76,
      "type": "SaveImage",
      "pos": [
        2859,
        650
      ],
      "size": {
        "0": 433.62786865234375,
        "1": 436.9392395019531
      },
      "flags": {},
      "order": 20,
      "mode": 0,
      "inputs": [
        {
          "name": "images",
          "type": "IMAGE",
          "link": 145
        }
      ],
      "properties": {},
      "widgets_values": [
        "ComfyUI"
      ]
    },
    {
      "id": 2,
      "type": "CheckpointLoaderSimple",
      "pos": [
        339.1849328243366,
        347.41857020060235
      ],
      "size": {
        "0": 384.6014709472656,
        "1": 98
      },
      "flags": {},
      "order": 5,
      "mode": 0,
      "outputs": [
        {
          "name": "MODEL",
          "type": "MODEL",
          "links": [
            42
          ],
          "shape": 3,
          "slot_index": 0
        },
        {
          "name": "CLIP",
          "type": "CLIP",
          "links": [
            4
          ],
          "shape": 3,
          "slot_index": 1
        },
        {
          "name": "VAE",
          "type": "VAE",
          "links": [
            147,
            148
          ],
          "shape": 3,
          "slot_index": 2
        }
      ],
      "properties": {
        "Node name for S&R": "CheckpointLoaderSimple"
      },
      "widgets_values": [
        "fenrisxl_145.safetensors"
      ]
    },
    {
      "id": 79,
      "type": "Note",
      "pos": [
        -262,
        35
      ],
      "size": {
        "0": 460.37396240234375,
        "1": 80.52881622314453
      },
      "flags": {},
      "order": 6,
      "mode": 0,
      "properties": {
        "text": ""
      },
      "widgets_values": [
        "Use a Kawaii Pet Image as a Input. If the Pet has a fur, like here, the output will also have a fur, even if it is a pig for example\n"
      ],
      "color": "#2a363b",
      "bgcolor": "#3f5159"
    },
    {
      "id": 78,
      "type": "Note",
      "pos": [
        334,
        -162
      ],
      "size": [
        460.3739493230157,
        80.52881453472918
      ],
      "flags": {},
      "order": 7,
      "mode": 0,
      "properties": {
        "text": ""
      },
      "widgets_values": [
        "I'm using the model FenrisXL:\nhttps://civitai.com/models/122793/fenrisxl\nAnd this lora:\nhttps://civitai.com/models/89719?modelVersionId=95511\n"
      ],
      "color": "#223",
      "bgcolor": "#335"
    },
    {
      "id": 80,
      "type": "Note",
      "pos": [
        1885,
        231
      ],
      "size": {
        "0": 460.37396240234375,
        "1": 80.52881622314453
      },
      "flags": {},
      "order": 8,
      "mode": 0,
      "properties": {
        "text": ""
      },
      "widgets_values": [
        "The upscaleing really adds more quality to the Result here"
      ],
      "color": "#232",
      "bgcolor": "#353"
    }
  ],
  "links": [
    [
      4,
      2,
      1,
      4,
      0,
      "CLIP"
    ],
    [
      17,
      10,
      0,
      11,
      3,
      "LATENT"
    ],
    [
      20,
      1,
      0,
      10,
      0,
      "LATENT"
    ],
    [
      21,
      11,
      0,
      7,
      0,
      "LATENT"
    ],
    [
      37,
      5,
      0,
      1,
      2,
      "CONDITIONING"
    ],
    [
      39,
      5,
      0,
      11,
      2,
      "CONDITIONING"
    ],
    [
      42,
      2,
      0,
      19,
      0,
      "MODEL"
    ],
    [
      43,
      4,
      0,
      19,
      1,
      "CLIP"
    ],
    [
      45,
      19,
      1,
      5,
      0,
      "CLIP"
    ],
    [
      46,
      19,
      0,
      1,
      0,
      "MODEL"
    ],
    [
      47,
      19,
      0,
      11,
      0,
      "MODEL"
    ],
    [
      72,
      29,
      0,
      11,
      1,
      "CONDITIONING"
    ],
    [
      73,
      29,
      0,
      1,
      1,
      "CONDITIONING"
    ],
    [
      75,
      4,
      0,
      30,
      0,
      "CLIP"
    ],
    [
      76,
      30,
      0,
      29,
      0,
      "*"
    ],
    [
      114,
      40,
      0,
      30,
      1,
      "STRING"
    ],
    [
      130,
      60,
      0,
      40,
      1,
      "STRING"
    ],
    [
      137,
      66,
      0,
      69,
      0,
      "IMAGE"
    ],
    [
      138,
      69,
      0,
      1,
      3,
      "LATENT"
    ],
    [
      144,
      74,
      0,
      40,
      0,
      "STRING"
    ],
    [
      145,
      7,
      0,
      76,
      0,
      "IMAGE"
    ],
    [
      146,
      77,
      0,
      40,
      2,
      "STRING"
    ],
    [
      147,
      2,
      2,
      69,
      1,
      "VAE"
    ],
    [
      148,
      2,
      2,
      7,
      1,
      "VAE"
    ]
  ],
  "groups": [
    {
      "title": "User Input",
      "bounding": [
        -302,
        159,
        573,
        786
      ],
      "color": "#3f789e",
      "font_size": 24,
      "locked": false
    },
    {
      "title": "Setup and Models",
      "bounding": [
        304,
        -62,
        1158,
        1149
      ],
      "color": "#88A",
      "font_size": 24,
      "locked": false
    },
    {
      "title": "Rendering",
      "bounding": [
        1492,
        354,
        1306,
        664
      ],
      "color": "#8A8",
      "font_size": 24,
      "locked": false
    }
  ],
  "config": {},
  "extra": {},
  "version": 0.4
}