{
  "last_node_id": 57,
  "last_link_id": 100,
  "nodes": [
    {
      "id": 8,
      "type": "KSampler",
      "pos": [
        2156,
        537
      ],
      "size": {
        "0": 315,
        "1": 262
      },
      "flags": {},
      "order": 32,
      "mode": 4,
      "inputs": [
        {
          "name": "model",
          "type": "MODEL",
          "link": 9,
          "slot_index": 0
        },
        {
          "name": "positive",
          "type": "CONDITIONING",
          "link": 10,
          "slot_index": 1
        },
        {
          "name": "negative",
          "type": "CONDITIONING",
          "link": 11,
          "slot_index": 2
        },
        {
          "name": "latent_image",
          "type": "LATENT",
          "link": 13,
          "slot_index": 3
        }
      ],
      "outputs": [
        {
          "name": "LATENT",
          "type": "LATENT",
          "links": [
            14
          ],
          "shape": 3,
          "slot_index": 0
        }
      ],
      "properties": {
        "Node name for S&R": "KSampler"
      },
      "widgets_values": [
        1038162727266792,
        "randomize",
        20,
        7,
        "dpmpp_2m_sde",
        "karras",
        0.55
      ]
    },
    {
      "id": 7,
      "type": "LatentUpscaleBy",
      "pos": [
        1737,
        607
      ],
      "size": {
        "0": 315,
        "1": 82
      },
      "flags": {},
      "order": 31,
      "mode": 4,
      "inputs": [
        {
          "name": "samples",
          "type": "LATENT",
          "link": 8
        }
      ],
      "outputs": [
        {
          "name": "LATENT",
          "type": "LATENT",
          "links": [
            13
          ],
          "shape": 3,
          "slot_index": 0
        }
      ],
      "properties": {
        "Node name for S&R": "LatentUpscaleBy"
      },
      "widgets_values": [
        "nearest-exact",
        2
      ]
    },
    {
      "id": 2,
      "type": "CheckpointLoaderSimple",
      "pos": [
        25,
        353
      ],
      "size": {
        "0": 315,
        "1": 98
      },
      "flags": {},
      "order": 0,
      "mode": 0,
      "outputs": [
        {
          "name": "MODEL",
          "type": "MODEL",
          "links": [
            1,
            9,
            28,
            62,
            76
          ],
          "shape": 3,
          "slot_index": 0
        },
        {
          "name": "CLIP",
          "type": "CLIP",
          "links": [
            5
          ],
          "shape": 3,
          "slot_index": 1
        },
        {
          "name": "VAE",
          "type": "VAE",
          "links": null,
          "shape": 3
        }
      ],
      "properties": {
        "Node name for S&R": "CheckpointLoaderSimple"
      },
      "widgets_values": [
        "revAnimated_v122.safetensors"
      ]
    },
    {
      "id": 25,
      "type": "ImageScale",
      "pos": [
        561.2196892700191,
        1149.4237522583003
      ],
      "size": {
        "0": 315,
        "1": 130
      },
      "flags": {},
      "order": 17,
      "mode": 0,
      "inputs": [
        {
          "name": "image",
          "type": "IMAGE",
          "link": 42
        }
      ],
      "outputs": [
        {
          "name": "IMAGE",
          "type": "IMAGE",
          "links": [
            43
          ],
          "shape": 3,
          "slot_index": 0
        }
      ],
      "properties": {
        "Node name for S&R": "ImageScale"
      },
      "widgets_values": [
        "nearest-exact",
        512,
        512,
        "disabled"
      ]
    },
    {
      "id": 3,
      "type": "CLIPTextEncode",
      "pos": [
        786,
        417
      ],
      "size": {
        "0": 400,
        "1": 200
      },
      "flags": {},
      "order": 22,
      "mode": 0,
      "inputs": [
        {
          "name": "clip",
          "type": "CLIP",
          "link": 6
        },
        {
          "name": "text",
          "type": "STRING",
          "link": 19,
          "widget": {
            "name": "text"
          }
        }
      ],
      "outputs": [
        {
          "name": "CONDITIONING",
          "type": "CONDITIONING",
          "links": [
            10,
            48
          ],
          "shape": 3,
          "slot_index": 0
        }
      ],
      "properties": {
        "Node name for S&R": "CLIPTextEncode"
      },
      "widgets_values": [
        ""
      ]
    },
    {
      "id": 32,
      "type": "ControlNetApplyAdvanced",
      "pos": [
        1306,
        1170
      ],
      "size": {
        "0": 315,
        "1": 166
      },
      "flags": {},
      "order": 26,
      "mode": 0,
      "inputs": [
        {
          "name": "positive",
          "type": "CONDITIONING",
          "link": 48
        },
        {
          "name": "negative",
          "type": "CONDITIONING",
          "link": 49
        },
        {
          "name": "control_net",
          "type": "CONTROL_NET",
          "link": 52,
          "slot_index": 2
        },
        {
          "name": "image",
          "type": "IMAGE",
          "link": 53
        }
      ],
      "outputs": [
        {
          "name": "positive",
          "type": "CONDITIONING",
          "links": [
            50
          ],
          "shape": 3,
          "slot_index": 0
        },
        {
          "name": "negative",
          "type": "CONDITIONING",
          "links": [
            51
          ],
          "shape": 3,
          "slot_index": 1
        }
      ],
      "properties": {
        "Node name for S&R": "ControlNetApplyAdvanced"
      },
      "widgets_values": [
        0.5,
        0,
        0.5
      ]
    },
    {
      "id": 33,
      "type": "ControlNetLoader",
      "pos": [
        886,
        1164
      ],
      "size": {
        "0": 369.7956237792969,
        "1": 70.43486785888672
      },
      "flags": {},
      "order": 1,
      "mode": 0,
      "outputs": [
        {
          "name": "CONTROL_NET",
          "type": "CONTROL_NET",
          "links": [
            52
          ],
          "shape": 3
        }
      ],
      "properties": {
        "Node name for S&R": "ControlNetLoader"
      },
      "widgets_values": [
        "control_openpose-fp16.safetensors"
      ]
    },
    {
      "id": 29,
      "type": "LoadImage",
      "pos": [
        860,
        1293
      ],
      "size": {
        "0": 315,
        "1": 314.00006103515625
      },
      "flags": {},
      "order": 2,
      "mode": 0,
      "outputs": [
        {
          "name": "IMAGE",
          "type": "IMAGE",
          "links": [
            53
          ],
          "shape": 3,
          "slot_index": 0
        },
        {
          "name": "MASK",
          "type": "MASK",
          "links": null,
          "shape": 3
        }
      ],
      "properties": {
        "Node name for S&R": "LoadImage"
      },
      "widgets_values": [
        "download (4).png",
        "image"
      ]
    },
    {
      "id": 6,
      "type": "CLIPSetLastLayer",
      "pos": [
        369,
        403
      ],
      "size": {
        "0": 315,
        "1": 58
      },
      "flags": {},
      "order": 14,
      "mode": 0,
      "inputs": [
        {
          "name": "clip",
          "type": "CLIP",
          "link": 5
        }
      ],
      "outputs": [
        {
          "name": "CLIP",
          "type": "CLIP",
          "links": [
            6,
            7,
            29,
            59,
            63,
            72,
            77,
            85
          ],
          "shape": 3,
          "slot_index": 0
        }
      ],
      "properties": {
        "Node name for S&R": "CLIPSetLastLayer"
      },
      "widgets_values": [
        -2
      ]
    },
    {
      "id": 18,
      "type": "FaceDetailer",
      "pos": [
        3533,
        358
      ],
      "size": {
        "0": 506.4000244140625,
        "1": 880
      },
      "flags": {},
      "order": 36,
      "mode": 0,
      "inputs": [
        {
          "name": "image",
          "type": "IMAGE",
          "link": 89,
          "slot_index": 0
        },
        {
          "name": "model",
          "type": "MODEL",
          "link": 28,
          "slot_index": 1
        },
        {
          "name": "clip",
          "type": "CLIP",
          "link": 29
        },
        {
          "name": "vae",
          "type": "VAE",
          "link": 30
        },
        {
          "name": "positive",
          "type": "CONDITIONING",
          "link": 60
        },
        {
          "name": "negative",
          "type": "CONDITIONING",
          "link": 34
        },
        {
          "name": "bbox_detector",
          "type": "BBOX_DETECTOR",
          "link": 37
        },
        {
          "name": "sam_model_opt",
          "type": "SAM_MODEL",
          "link": 38,
          "slot_index": 7
        },
        {
          "name": "segm_detector_opt",
          "type": "SEGM_DETECTOR",
          "link": null
        },
        {
          "name": "detailer_hook",
          "type": "DETAILER_HOOK",
          "link": null
        }
      ],
      "outputs": [
        {
          "name": "image",
          "type": "IMAGE",
          "links": [
            36
          ],
          "shape": 3,
          "slot_index": 0
        },
        {
          "name": "cropped_refined",
          "type": "IMAGE",
          "links": null,
          "shape": 6
        },
        {
          "name": "cropped_enhanced_alpha",
          "type": "IMAGE",
          "links": null,
          "shape": 6
        },
        {
          "name": "mask",
          "type": "MASK",
          "links": null,
          "shape": 3,
          "slot_index": 3
        },
        {
          "name": "detailer_pipe",
          "type": "DETAILER_PIPE",
          "links": null,
          "shape": 3
        },
        {
          "name": "cnet_images",
          "type": "IMAGE",
          "links": null,
          "shape": 6
        }
      ],
      "properties": {
        "Node name for S&R": "FaceDetailer"
      },
      "widgets_values": [
        256,
        true,
        768,
        421138649107951,
        "randomize",
        20,
        8,
        "euler",
        "normal",
        0.5,
        5,
        true,
        true,
        0.5,
        10,
        3,
        "center-1",
        0,
        0.93,
        0,
        0.7,
        "False",
        10,
        "",
        1,
        false,
        0
      ]
    },
    {
      "id": 20,
      "type": "SaveImage",
      "pos": [
        3538,
        -274
      ],
      "size": {
        "0": 503.9443664550781,
        "1": 577.6148071289062
      },
      "flags": {},
      "order": 39,
      "mode": 0,
      "inputs": [
        {
          "name": "images",
          "type": "IMAGE",
          "link": 36
        }
      ],
      "properties": {},
      "widgets_values": [
        "ComfyUI"
      ]
    },
    {
      "id": 38,
      "type": "SaveImage",
      "pos": [
        4072,
        -280
      ],
      "size": {
        "0": 500.1648864746094,
        "1": 583.5451049804688
      },
      "flags": {},
      "order": 40,
      "mode": 0,
      "inputs": [
        {
          "name": "images",
          "type": "IMAGE",
          "link": 69
        }
      ],
      "properties": {},
      "widgets_values": [
        "ComfyUI"
      ]
    },
    {
      "id": 37,
      "type": "FaceDetailer",
      "pos": [
        4072,
        358
      ],
      "size": {
        "0": 506.4000244140625,
        "1": 880
      },
      "flags": {},
      "order": 37,
      "mode": 0,
      "inputs": [
        {
          "name": "image",
          "type": "IMAGE",
          "link": 90,
          "slot_index": 0
        },
        {
          "name": "model",
          "type": "MODEL",
          "link": 62,
          "slot_index": 1
        },
        {
          "name": "clip",
          "type": "CLIP",
          "link": 63
        },
        {
          "name": "vae",
          "type": "VAE",
          "link": 64
        },
        {
          "name": "positive",
          "type": "CONDITIONING",
          "link": 74
        },
        {
          "name": "negative",
          "type": "CONDITIONING",
          "link": 66
        },
        {
          "name": "bbox_detector",
          "type": "BBOX_DETECTOR",
          "link": 67
        },
        {
          "name": "sam_model_opt",
          "type": "SAM_MODEL",
          "link": 68,
          "slot_index": 7
        },
        {
          "name": "segm_detector_opt",
          "type": "SEGM_DETECTOR",
          "link": null
        },
        {
          "name": "detailer_hook",
          "type": "DETAILER_HOOK",
          "link": null
        }
      ],
      "outputs": [
        {
          "name": "image",
          "type": "IMAGE",
          "links": [
            69
          ],
          "shape": 3,
          "slot_index": 0
        },
        {
          "name": "cropped_refined",
          "type": "IMAGE",
          "links": null,
          "shape": 6
        },
        {
          "name": "cropped_enhanced_alpha",
          "type": "IMAGE",
          "links": null,
          "shape": 6
        },
        {
          "name": "mask",
          "type": "MASK",
          "links": null,
          "shape": 3,
          "slot_index": 3
        },
        {
          "name": "detailer_pipe",
          "type": "DETAILER_PIPE",
          "links": null,
          "shape": 3
        },
        {
          "name": "cnet_images",
          "type": "IMAGE",
          "links": null,
          "shape": 6
        }
      ],
      "properties": {
        "Node name for S&R": "FaceDetailer"
      },
      "widgets_values": [
        256,
        true,
        768,
        899637448853829,
        "randomize",
        20,
        8,
        "euler",
        "normal",
        0.5,
        5,
        true,
        true,
        0.5,
        10,
        3,
        "center-1",
        0,
        0.93,
        0,
        0.7,
        "False",
        10,
        "",
        1,
        false,
        0
      ]
    },
    {
      "id": 42,
      "type": "CLIPTextEncode",
      "pos": [
        4123,
        1212
      ],
      "size": {
        "0": 400,
        "1": 200
      },
      "flags": {
        "collapsed": true
      },
      "order": 28,
      "mode": 0,
      "inputs": [
        {
          "name": "clip",
          "type": "CLIP",
          "link": 72
        },
        {
          "name": "text",
          "type": "STRING",
          "link": 73,
          "widget": {
            "name": "text"
          }
        }
      ],
      "outputs": [
        {
          "name": "CONDITIONING",
          "type": "CONDITIONING",
          "links": [
            74
          ],
          "shape": 3,
          "slot_index": 0
        }
      ],
      "properties": {
        "Node name for S&R": "CLIPTextEncode"
      },
      "widgets_values": [
        ""
      ]
    },
    {
      "id": 41,
      "type": "StringFunction|pysssss",
      "pos": [
        4126,
        1269
      ],
      "size": {
        "0": 400,
        "1": 244
      },
      "flags": {},
      "order": 24,
      "mode": 0,
      "inputs": [
        {
          "name": "text_b",
          "type": "STRING",
          "link": 71,
          "widget": {
            "name": "text_b"
          }
        }
      ],
      "outputs": [
        {
          "name": "STRING",
          "type": "STRING",
          "links": [
            73
          ],
          "shape": 3,
          "slot_index": 0
        }
      ],
      "properties": {
        "Node name for S&R": "StringFunction|pysssss"
      },
      "widgets_values": [
        "append",
        "yes",
        "(smiling:1.2)",
        "",
        "",
        "(smiling:1.2), ((best quality)), ((masterpiece)), ((realistic)), avatar of a, young thai woman wearing a, Hoodie, Twists, facing viewer, on a white background, 8k resolution, absurdres, uhd"
      ]
    },
    {
      "id": 36,
      "type": "CLIPTextEncode",
      "pos": [
        3668,
        1233
      ],
      "size": {
        "0": 400,
        "1": 200
      },
      "flags": {
        "collapsed": true
      },
      "order": 27,
      "mode": 0,
      "inputs": [
        {
          "name": "clip",
          "type": "CLIP",
          "link": 59
        },
        {
          "name": "text",
          "type": "STRING",
          "link": 58,
          "widget": {
            "name": "text"
          }
        }
      ],
      "outputs": [
        {
          "name": "CONDITIONING",
          "type": "CONDITIONING",
          "links": [
            60
          ],
          "shape": 3,
          "slot_index": 0
        }
      ],
      "properties": {
        "Node name for S&R": "CLIPTextEncode"
      },
      "widgets_values": [
        ""
      ]
    },
    {
      "id": 35,
      "type": "StringFunction|pysssss",
      "pos": [
        3576,
        1300
      ],
      "size": {
        "0": 400,
        "1": 244
      },
      "flags": {},
      "order": 23,
      "mode": 0,
      "inputs": [
        {
          "name": "text_b",
          "type": "STRING",
          "link": 57,
          "widget": {
            "name": "text_b"
          }
        }
      ],
      "outputs": [
        {
          "name": "STRING",
          "type": "STRING",
          "links": [
            58
          ],
          "shape": 3,
          "slot_index": 0
        }
      ],
      "properties": {
        "Node name for S&R": "StringFunction|pysssss"
      },
      "widgets_values": [
        "append",
        "yes",
        "(angry:1.2)",
        "",
        "",
        "(angry:1.2), ((best quality)), ((masterpiece)), ((realistic)), avatar of a, young thai woman wearing a, Hoodie, Twists, facing viewer, on a white background, 8k resolution, absurdres, uhd"
      ]
    },
    {
      "id": 43,
      "type": "FaceDetailer",
      "pos": [
        4618,
        347
      ],
      "size": {
        "0": 506.4000244140625,
        "1": 880
      },
      "flags": {},
      "order": 38,
      "mode": 0,
      "inputs": [
        {
          "name": "image",
          "type": "IMAGE",
          "link": 91,
          "slot_index": 0
        },
        {
          "name": "model",
          "type": "MODEL",
          "link": 76,
          "slot_index": 1
        },
        {
          "name": "clip",
          "type": "CLIP",
          "link": 77
        },
        {
          "name": "vae",
          "type": "VAE",
          "link": 78
        },
        {
          "name": "positive",
          "type": "CONDITIONING",
          "link": 79
        },
        {
          "name": "negative",
          "type": "CONDITIONING",
          "link": 80
        },
        {
          "name": "bbox_detector",
          "type": "BBOX_DETECTOR",
          "link": 81
        },
        {
          "name": "sam_model_opt",
          "type": "SAM_MODEL",
          "link": 82,
          "slot_index": 7
        },
        {
          "name": "segm_detector_opt",
          "type": "SEGM_DETECTOR",
          "link": null
        },
        {
          "name": "detailer_hook",
          "type": "DETAILER_HOOK",
          "link": null
        }
      ],
      "outputs": [
        {
          "name": "image",
          "type": "IMAGE",
          "links": [
            83
          ],
          "shape": 3,
          "slot_index": 0
        },
        {
          "name": "cropped_refined",
          "type": "IMAGE",
          "links": null,
          "shape": 6
        },
        {
          "name": "cropped_enhanced_alpha",
          "type": "IMAGE",
          "links": null,
          "shape": 6
        },
        {
          "name": "mask",
          "type": "MASK",
          "links": null,
          "shape": 3,
          "slot_index": 3
        },
        {
          "name": "detailer_pipe",
          "type": "DETAILER_PIPE",
          "links": null,
          "shape": 3
        },
        {
          "name": "cnet_images",
          "type": "IMAGE",
          "links": null,
          "shape": 6
        }
      ],
      "properties": {
        "Node name for S&R": "FaceDetailer"
      },
      "widgets_values": [
        256,
        true,
        768,
        1090872625737416,
        "randomize",
        20,
        8,
        "euler",
        "normal",
        0.5,
        5,
        true,
        true,
        0.5,
        10,
        3,
        "center-1",
        0,
        0.93,
        0,
        0.7,
        "False",
        10,
        "",
        1,
        false,
        0
      ]
    },
    {
      "id": 44,
      "type": "SaveImage",
      "pos": [
        4619,
        -270
      ],
      "size": {
        "0": 508.2840576171875,
        "1": 569.664794921875
      },
      "flags": {},
      "order": 41,
      "mode": 0,
      "inputs": [
        {
          "name": "images",
          "type": "IMAGE",
          "link": 83
        }
      ],
      "properties": {},
      "widgets_values": [
        "ComfyUI"
      ]
    },
    {
      "id": 46,
      "type": "CLIPTextEncode",
      "pos": [
        4758,
        1233
      ],
      "size": {
        "0": 400,
        "1": 200
      },
      "flags": {
        "collapsed": true
      },
      "order": 29,
      "mode": 0,
      "inputs": [
        {
          "name": "clip",
          "type": "CLIP",
          "link": 85
        },
        {
          "name": "text",
          "type": "STRING",
          "link": 86,
          "widget": {
            "name": "text"
          }
        }
      ],
      "outputs": [
        {
          "name": "CONDITIONING",
          "type": "CONDITIONING",
          "links": [
            79
          ],
          "shape": 3,
          "slot_index": 0
        }
      ],
      "properties": {
        "Node name for S&R": "CLIPTextEncode"
      },
      "widgets_values": [
        ""
      ]
    },
    {
      "id": 45,
      "type": "StringFunction|pysssss",
      "pos": [
        4662,
        1301
      ],
      "size": {
        "0": 400,
        "1": 244
      },
      "flags": {},
      "order": 25,
      "mode": 0,
      "inputs": [
        {
          "name": "text_b",
          "type": "STRING",
          "link": 84,
          "widget": {
            "name": "text_b"
          }
        }
      ],
      "outputs": [
        {
          "name": "STRING",
          "type": "STRING",
          "links": [
            86
          ],
          "shape": 3,
          "slot_index": 0
        }
      ],
      "properties": {
        "Node name for S&R": "StringFunction|pysssss"
      },
      "widgets_values": [
        "append",
        "yes",
        "(crying:1.2)",
        "",
        "",
        "(crying:1.2), ((best quality)), ((masterpiece)), ((realistic)), avatar of a, young thai woman wearing a, Hoodie, Twists, facing viewer, on a white background, 8k resolution, absurdres, uhd"
      ]
    },
    {
      "id": 47,
      "type": "SaveImage",
      "pos": [
        3024,
        -261
      ],
      "size": {
        "0": 470.0787658691406,
        "1": 547.5919189453125
      },
      "flags": {},
      "order": 35,
      "mode": 0,
      "inputs": [
        {
          "name": "images",
          "type": "IMAGE",
          "link": 88
        }
      ],
      "properties": {},
      "widgets_values": [
        "ComfyUI"
      ]
    },
    {
      "id": 11,
      "type": "VAELoader",
      "pos": [
        1318,
        309
      ],
      "size": {
        "0": 315,
        "1": 58
      },
      "flags": {},
      "order": 3,
      "mode": 0,
      "outputs": [
        {
          "name": "VAE",
          "type": "VAE",
          "links": [
            16,
            30,
            40,
            64,
            78
          ],
          "shape": 3,
          "slot_index": 0
        }
      ],
      "properties": {
        "Node name for S&R": "VAELoader"
      },
      "widgets_values": [
        "vae-ft-mse-840000-ema-pruned.safetensors"
      ]
    },
    {
      "id": 9,
      "type": "VAEDecode",
      "pos": [
        1844,
        449
      ],
      "size": {
        "0": 210,
        "1": 46
      },
      "flags": {},
      "order": 33,
      "mode": 0,
      "inputs": [
        {
          "name": "samples",
          "type": "LATENT",
          "link": 14
        },
        {
          "name": "vae",
          "type": "VAE",
          "link": 16,
          "slot_index": 1
        }
      ],
      "outputs": [
        {
          "name": "IMAGE",
          "type": "IMAGE",
          "links": [
            17
          ],
          "shape": 3,
          "slot_index": 0
        }
      ],
      "properties": {
        "Node name for S&R": "VAEDecode"
      }
    },
    {
      "id": 21,
      "type": "UltralyticsDetectorProvider",
      "pos": [
        2996,
        648
      ],
      "size": {
        "0": 315,
        "1": 78
      },
      "flags": {},
      "order": 4,
      "mode": 0,
      "outputs": [
        {
          "name": "BBOX_DETECTOR",
          "type": "BBOX_DETECTOR",
          "links": [
            37,
            67,
            81
          ],
          "shape": 3,
          "slot_index": 0
        },
        {
          "name": "SEGM_DETECTOR",
          "type": "SEGM_DETECTOR",
          "links": null,
          "shape": 3
        }
      ],
      "properties": {
        "Node name for S&R": "UltralyticsDetectorProvider"
      },
      "widgets_values": [
        "bbox/face_yolov8m.pt"
      ]
    },
    {
      "id": 22,
      "type": "SAMLoader",
      "pos": [
        3029,
        789
      ],
      "size": {
        "0": 315,
        "1": 82
      },
      "flags": {},
      "order": 5,
      "mode": 0,
      "outputs": [
        {
          "name": "SAM_MODEL",
          "type": "SAM_MODEL",
          "links": [
            38,
            68,
            82
          ],
          "shape": 3
        }
      ],
      "properties": {
        "Node name for S&R": "SAMLoader"
      },
      "widgets_values": [
        "sam_vit_b_01ec64.pth",
        "AUTO"
      ]
    },
    {
      "id": 12,
      "type": "ImageSharpen",
      "pos": [
        2168,
        372
      ],
      "size": {
        "0": 315,
        "1": 106
      },
      "flags": {},
      "order": 34,
      "mode": 0,
      "inputs": [
        {
          "name": "image",
          "type": "IMAGE",
          "link": 17
        }
      ],
      "outputs": [
        {
          "name": "IMAGE",
          "type": "IMAGE",
          "links": [
            88,
            89,
            90,
            91
          ],
          "shape": 3,
          "slot_index": 0
        }
      ],
      "properties": {
        "Node name for S&R": "ImageSharpen"
      },
      "widgets_values": [
        1,
        0.4,
        0.4
      ]
    },
    {
      "id": 13,
      "type": "StringFunction|pysssss",
      "pos": [
        321,
        533
      ],
      "size": {
        "0": 400,
        "1": 243.99996948242188
      },
      "flags": {},
      "order": 21,
      "mode": 0,
      "inputs": [
        {
          "name": "text_b",
          "type": "STRING",
          "link": 95,
          "widget": {
            "name": "text_b"
          }
        }
      ],
      "outputs": [
        {
          "name": "STRING",
          "type": "STRING",
          "links": [
            19,
            57,
            71,
            84
          ],
          "shape": 3,
          "slot_index": 0
        }
      ],
      "properties": {
        "Node name for S&R": "StringFunction|pysssss"
      },
      "widgets_values": [
        "append",
        "yes",
        "((best quality)), ((masterpiece)), ((realistic)), avatar of a ",
        "",
        ", facing viewer, on a white background, 8k resolution, absurdres, uhd",
        "((best quality)), ((masterpiece)), ((realistic)), avatar of a, young thai woman wearing a, Hoodie, Twists, facing viewer, on a white background, 8k resolution, absurdres, uhd"
      ]
    },
    {
      "id": 14,
      "type": "TextInput_",
      "pos": [
        -1740.5001628553575,
        268.75783200411854
      ],
      "size": {
        "0": 400,
        "1": 200
      },
      "flags": {},
      "order": 6,
      "mode": 0,
      "outputs": [
        {
          "name": "STRING",
          "type": "STRING",
          "links": [
            97
          ],
          "shape": 3,
          "slot_index": 0
        }
      ],
      "properties": {
        "Node name for S&R": "TextInput_"
      },
      "widgets_values": [
        "young thai woman wearing a"
      ]
    },
    {
      "id": 50,
      "type": "RandomInt",
      "pos": [
        -1304.5001628553575,
        267.75783200411854
      ],
      "size": {
        "0": 315,
        "1": 102
      },
      "flags": {},
      "order": 7,
      "mode": 0,
      "outputs": [
        {
          "name": "INT",
          "type": "INT",
          "links": [
            94
          ],
          "shape": 3,
          "slot_index": 0
        },
        {
          "name": "STRING",
          "type": "STRING",
          "links": null,
          "shape": 3
        }
      ],
      "properties": {
        "Node name for S&R": "RandomInt"
      },
      "widgets_values": [
        0,
        19
      ]
    },
    {
      "id": 48,
      "type": "RandomPrompt",
      "pos": [
        -1311.5001628553575,
        424.75783200411854
      ],
      "size": {
        "0": 365.34088134765625,
        "1": 629.8914794921875
      },
      "flags": {},
      "order": 15,
      "mode": 0,
      "inputs": [
        {
          "name": "seed",
          "type": "*",
          "link": 94
        }
      ],
      "outputs": [
        {
          "name": "STRING",
          "type": "STRING",
          "links": [
            98
          ],
          "shape": 6,
          "slot_index": 0
        }
      ],
      "properties": {
        "Node name for S&R": "RandomPrompt"
      },
      "widgets_values": [
        1,
        "T-Shirt\nPolo Shirt\nButton-Down Shirt\nHenley Shirt\nFlannel Shirt\nDress Shirt\nSweatshirt\nTank Top\nHoodie\nRugby Shirt\nV-Neck Shirt\nCrewneck Shirt\nBaseball Shirt (Raglan)\nPeasant Blouse\nLong Sleeve Shirt\nShort Sleeve Shirt\nGraphic Tee\nJersey Shirt\nChambray Shirt\nDenim Shirt",
        "",
        "enable",
        null
      ]
    },
    {
      "id": 53,
      "type": "RandomInt",
      "pos": [
        -895.5001628553599,
        268.75783200411854
      ],
      "size": {
        "0": 315,
        "1": 102
      },
      "flags": {},
      "order": 8,
      "mode": 0,
      "outputs": [
        {
          "name": "INT",
          "type": "INT",
          "links": [
            99
          ],
          "shape": 3,
          "slot_index": 0
        },
        {
          "name": "STRING",
          "type": "STRING",
          "links": null,
          "shape": 3
        }
      ],
      "properties": {
        "Node name for S&R": "RandomInt"
      },
      "widgets_values": [
        0,
        19
      ]
    },
    {
      "id": 52,
      "type": "RandomPrompt",
      "pos": [
        -894.5001628553598,
        434.75783200411865
      ],
      "size": {
        "0": 365.34088134765625,
        "1": 629.8914794921875
      },
      "flags": {},
      "order": 16,
      "mode": 0,
      "inputs": [
        {
          "name": "seed",
          "type": "*",
          "link": 99
        }
      ],
      "outputs": [
        {
          "name": "STRING",
          "type": "STRING",
          "links": [
            100
          ],
          "shape": 6,
          "slot_index": 0
        }
      ],
      "properties": {
        "Node name for S&R": "RandomPrompt"
      },
      "widgets_values": [
        1,
        "Pixie Cut\nBob\nLob (Long Bob)\nShag Cut\nBlunt Cut\nLayered Cut\nAsymmetrical Cut\nUndercut\nMohawk\nCornrows\nBox Braids\nFrench Braids\nDutch Braids\nFishtail Braids\nWaterfall Braids\nHalo Braid\nTwists\nAfro\nTop Knot\nMessy Bun",
        "",
        "enable",
        null
      ]
    },
    {
      "id": 49,
      "type": "StringFunction|pysssss",
      "pos": [
        -484.5001628553596,
        363.7578320041184
      ],
      "size": {
        "0": 400,
        "1": 224
      },
      "flags": {},
      "order": 19,
      "mode": 0,
      "inputs": [
        {
          "name": "text_a",
          "type": "STRING",
          "link": 97,
          "widget": {
            "name": "text_a"
          }
        },
        {
          "name": "text_b",
          "type": "STRING",
          "link": 98,
          "widget": {
            "name": "text_b"
          }
        },
        {
          "name": "text_c",
          "type": "STRING",
          "link": 100,
          "widget": {
            "name": "text_c"
          }
        }
      ],
      "outputs": [
        {
          "name": "STRING",
          "type": "STRING",
          "links": [
            95
          ],
          "shape": 3,
          "slot_index": 0
        }
      ],
      "properties": {
        "Node name for S&R": "StringFunction|pysssss"
      },
      "widgets_values": [
        "append",
        "yes",
        "",
        "",
        "",
        "young thai woman wearing a, Hoodie, Twists"
      ]
    },
    {
      "id": 23,
      "type": "LoadImage",
      "pos": [
        184,
        1176
      ],
      "size": [
        315,
        314.00000381469727
      ],
      "flags": {},
      "order": 9,
      "mode": 0,
      "outputs": [
        {
          "name": "IMAGE",
          "type": "IMAGE",
          "links": [
            42
          ],
          "shape": 3,
          "slot_index": 0
        },
        {
          "name": "MASK",
          "type": "MASK",
          "links": null,
          "shape": 3
        }
      ],
      "properties": {
        "Node name for S&R": "LoadImage"
      },
      "widgets_values": [
        "avater placeholder.jpg",
        "image"
      ]
    },
    {
      "id": 1,
      "type": "KSampler",
      "pos": [
        1376,
        563
      ],
      "size": {
        "0": 315,
        "1": 262
      },
      "flags": {},
      "order": 30,
      "mode": 0,
      "inputs": [
        {
          "name": "model",
          "type": "MODEL",
          "link": 1,
          "slot_index": 0
        },
        {
          "name": "positive",
          "type": "CONDITIONING",
          "link": 50,
          "slot_index": 1
        },
        {
          "name": "negative",
          "type": "CONDITIONING",
          "link": 51,
          "slot_index": 2
        },
        {
          "name": "latent_image",
          "type": "LATENT",
          "link": 55,
          "slot_index": 3
        }
      ],
      "outputs": [
        {
          "name": "LATENT",
          "type": "LATENT",
          "links": [
            8
          ],
          "shape": 3,
          "slot_index": 0
        }
      ],
      "properties": {
        "Node name for S&R": "KSampler"
      },
      "widgets_values": [
        850297467583460,
        "randomize",
        20,
        7,
        "euler_ancestral",
        "normal",
        0.9
      ]
    },
    {
      "id": 24,
      "type": "VAEEncode",
      "pos": [
        1172,
        990
      ],
      "size": {
        "0": 210,
        "1": 46
      },
      "flags": {},
      "order": 20,
      "mode": 0,
      "inputs": [
        {
          "name": "pixels",
          "type": "IMAGE",
          "link": 43
        },
        {
          "name": "vae",
          "type": "VAE",
          "link": 40,
          "slot_index": 1
        }
      ],
      "outputs": [
        {
          "name": "LATENT",
          "type": "LATENT",
          "links": [
            55
          ],
          "shape": 3,
          "slot_index": 0
        }
      ],
      "properties": {
        "Node name for S&R": "VAEEncode"
      }
    },
    {
      "id": 54,
      "type": "Note",
      "pos": [
        3890,
        1640
      ],
      "size": [
        422.98353388337364,
        98.66373122877212
      ],
      "flags": {},
      "order": 10,
      "mode": 0,
      "properties": {
        "text": ""
      },
      "widgets_values": [
        "This uses FaceDetailer and a custom prompt to add a emotion to the face"
      ],
      "color": "#432",
      "bgcolor": "#653"
    },
    {
      "id": 56,
      "type": "Note",
      "pos": [
        526,
        1756
      ],
      "size": {
        "0": 422.9835205078125,
        "1": 98.66373443603516
      },
      "flags": {},
      "order": 11,
      "mode": 0,
      "properties": {
        "text": ""
      },
      "widgets_values": [
        "I'm using Img2Img for a basic avatar shape and a openpose pose to get a consistent position and direction of face and body"
      ],
      "color": "#323",
      "bgcolor": "#535"
    },
    {
      "id": 57,
      "type": "Note",
      "pos": [
        -1327,
        27
      ],
      "size": {
        "0": 422.9835205078125,
        "1": 98.66373443603516
      },
      "flags": {},
      "order": 12,
      "mode": 0,
      "properties": {
        "text": ""
      },
      "widgets_values": [
        "You can extend this as much as you want. You just have to take into consideration that the prompt still makes sense. You could use boolean node to create a \"true / false\" flow, where for example female hair cuts are only used on female characters"
      ],
      "color": "#223",
      "bgcolor": "#335"
    },
    {
      "id": 4,
      "type": "CLIPTextEncode",
      "pos": [
        790,
        708
      ],
      "size": {
        "0": 400,
        "1": 200
      },
      "flags": {},
      "order": 18,
      "mode": 0,
      "inputs": [
        {
          "name": "clip",
          "type": "CLIP",
          "link": 7
        }
      ],
      "outputs": [
        {
          "name": "CONDITIONING",
          "type": "CONDITIONING",
          "links": [
            11,
            34,
            49,
            66,
            80
          ],
          "shape": 3,
          "slot_index": 0
        }
      ],
      "properties": {
        "Node name for S&R": "CLIPTextEncode"
      },
      "widgets_values": [
        "ugly, deformed, embedding:bad-artist, embedding:bad-hands-5, embedding:easynegative, nsfw"
      ]
    },
    {
      "id": 55,
      "type": "Note",
      "pos": [
        371,
        -166
      ],
      "size": [
        562.5575690990913,
        275.0331262536674
      ],
      "flags": {},
      "order": 13,
      "mode": 0,
      "properties": {
        "text": ""
      },
      "widgets_values": [
        "The second kSampler is turned off. you can use it for higher quality output.\nI'm using revAnimated v122:\nhttps://civitai.com/models/7371/rev-animated\n\nand the negative embeddings: \nbad-artist, bad-hands-5, easynegative\n\nbad-hands-5\nhttps://huggingface.co/yesyeahvh/bad-hands-5/tree/main\nEasyNegative\nhttps://huggingface.co/datasets/gsdf/EasyNegative/tree/main\nbad-artist-anime\nhttps://huggingface.co/nick-x-hacker/bad-artist/tree/main\n"
      ],
      "color": "#232",
      "bgcolor": "#353"
    }
  ],
  "links": [
    [
      1,
      2,
      0,
      1,
      0,
      "MODEL"
    ],
    [
      5,
      2,
      1,
      6,
      0,
      "CLIP"
    ],
    [
      6,
      6,
      0,
      3,
      0,
      "CLIP"
    ],
    [
      7,
      6,
      0,
      4,
      0,
      "CLIP"
    ],
    [
      8,
      1,
      0,
      7,
      0,
      "LATENT"
    ],
    [
      9,
      2,
      0,
      8,
      0,
      "MODEL"
    ],
    [
      10,
      3,
      0,
      8,
      1,
      "CONDITIONING"
    ],
    [
      11,
      4,
      0,
      8,
      2,
      "CONDITIONING"
    ],
    [
      13,
      7,
      0,
      8,
      3,
      "LATENT"
    ],
    [
      14,
      8,
      0,
      9,
      0,
      "LATENT"
    ],
    [
      16,
      11,
      0,
      9,
      1,
      "VAE"
    ],
    [
      17,
      9,
      0,
      12,
      0,
      "IMAGE"
    ],
    [
      19,
      13,
      0,
      3,
      1,
      "STRING"
    ],
    [
      28,
      2,
      0,
      18,
      1,
      "MODEL"
    ],
    [
      29,
      6,
      0,
      18,
      2,
      "CLIP"
    ],
    [
      30,
      11,
      0,
      18,
      3,
      "VAE"
    ],
    [
      34,
      4,
      0,
      18,
      5,
      "CONDITIONING"
    ],
    [
      36,
      18,
      0,
      20,
      0,
      "IMAGE"
    ],
    [
      37,
      21,
      0,
      18,
      6,
      "BBOX_DETECTOR"
    ],
    [
      38,
      22,
      0,
      18,
      7,
      "SAM_MODEL"
    ],
    [
      40,
      11,
      0,
      24,
      1,
      "VAE"
    ],
    [
      42,
      23,
      0,
      25,
      0,
      "IMAGE"
    ],
    [
      43,
      25,
      0,
      24,
      0,
      "IMAGE"
    ],
    [
      48,
      3,
      0,
      32,
      0,
      "CONDITIONING"
    ],
    [
      49,
      4,
      0,
      32,
      1,
      "CONDITIONING"
    ],
    [
      50,
      32,
      0,
      1,
      1,
      "CONDITIONING"
    ],
    [
      51,
      32,
      1,
      1,
      2,
      "CONDITIONING"
    ],
    [
      52,
      33,
      0,
      32,
      2,
      "CONTROL_NET"
    ],
    [
      53,
      29,
      0,
      32,
      3,
      "IMAGE"
    ],
    [
      55,
      24,
      0,
      1,
      3,
      "LATENT"
    ],
    [
      57,
      13,
      0,
      35,
      0,
      "STRING"
    ],
    [
      58,
      35,
      0,
      36,
      1,
      "STRING"
    ],
    [
      59,
      6,
      0,
      36,
      0,
      "CLIP"
    ],
    [
      60,
      36,
      0,
      18,
      4,
      "CONDITIONING"
    ],
    [
      62,
      2,
      0,
      37,
      1,
      "MODEL"
    ],
    [
      63,
      6,
      0,
      37,
      2,
      "CLIP"
    ],
    [
      64,
      11,
      0,
      37,
      3,
      "VAE"
    ],
    [
      66,
      4,
      0,
      37,
      5,
      "CONDITIONING"
    ],
    [
      67,
      21,
      0,
      37,
      6,
      "BBOX_DETECTOR"
    ],
    [
      68,
      22,
      0,
      37,
      7,
      "SAM_MODEL"
    ],
    [
      69,
      37,
      0,
      38,
      0,
      "IMAGE"
    ],
    [
      71,
      13,
      0,
      41,
      0,
      "STRING"
    ],
    [
      72,
      6,
      0,
      42,
      0,
      "CLIP"
    ],
    [
      73,
      41,
      0,
      42,
      1,
      "STRING"
    ],
    [
      74,
      42,
      0,
      37,
      4,
      "CONDITIONING"
    ],
    [
      76,
      2,
      0,
      43,
      1,
      "MODEL"
    ],
    [
      77,
      6,
      0,
      43,
      2,
      "CLIP"
    ],
    [
      78,
      11,
      0,
      43,
      3,
      "VAE"
    ],
    [
      79,
      46,
      0,
      43,
      4,
      "CONDITIONING"
    ],
    [
      80,
      4,
      0,
      43,
      5,
      "CONDITIONING"
    ],
    [
      81,
      21,
      0,
      43,
      6,
      "BBOX_DETECTOR"
    ],
    [
      82,
      22,
      0,
      43,
      7,
      "SAM_MODEL"
    ],
    [
      83,
      43,
      0,
      44,
      0,
      "IMAGE"
    ],
    [
      84,
      13,
      0,
      45,
      0,
      "STRING"
    ],
    [
      85,
      6,
      0,
      46,
      0,
      "CLIP"
    ],
    [
      86,
      45,
      0,
      46,
      1,
      "STRING"
    ],
    [
      88,
      12,
      0,
      47,
      0,
      "IMAGE"
    ],
    [
      89,
      12,
      0,
      18,
      0,
      "IMAGE"
    ],
    [
      90,
      12,
      0,
      37,
      0,
      "IMAGE"
    ],
    [
      91,
      12,
      0,
      43,
      0,
      "IMAGE"
    ],
    [
      94,
      50,
      0,
      48,
      0,
      "*"
    ],
    [
      95,
      49,
      0,
      13,
      0,
      "STRING"
    ],
    [
      97,
      14,
      0,
      49,
      0,
      "STRING"
    ],
    [
      98,
      48,
      0,
      49,
      1,
      "STRING"
    ],
    [
      99,
      53,
      0,
      52,
      0,
      "*"
    ],
    [
      100,
      52,
      0,
      49,
      2,
      "STRING"
    ]
  ],
  "groups": [
    {
      "title": "Random Prompt Generator",
      "bounding": [
        -1761,
        164,
        1715,
        955
      ],
      "color": "#3f789e",
      "font_size": 24,
      "locked": false
    },
    {
      "title": "Rendering",
      "bounding": [
        2,
        186,
        2581,
        848
      ],
      "color": "#8A8",
      "font_size": 24,
      "locked": false
    },
    {
      "title": "Image and Controlnet Input",
      "bounding": [
        5,
        1070,
        1650,
        630
      ],
      "color": "#a1309b",
      "font_size": 24,
      "locked": false
    },
    {
      "title": "Render Emotions",
      "bounding": [
        2976,
        -425,
        2175,
        1998
      ],
      "color": "#b58b2a",
      "font_size": 24,
      "locked": false
    }
  ],
  "config": {},
  "extra": {},
  "version": 0.4
}